Unnamed: 0,KodeApt,Wilayah,St_Milik,Jum_kamar
0,104.0,0,1,0.0202020202020202
1,197.0,2,0,0.0202020202020202
2,8837.0,2,0,1.0
3,201.0,3,0,0.0
4,203.0,3,1,0.0202020202020202
5,207.0,3,1,0.0202020202020202
6,837.0,1,1,0.010101010101010102
7,213.0,0,1,0.0202020202020202
8,215.0,0,1,0.0202020202020202
